source,dest,note
# ---- Getting started
overview.md,docs/getting-started/account.md,"Trim to the account-request section; the intro text is on the home page now"
quick-start-guide/logging-into-hydra.md,docs/getting-started/login.md,
quick-start-guide/changing-or-resetting-your-hydra-password.md,docs/getting-started/login.md,merge
quick-start-guide.md,docs/getting-started/quick-start.md,"Trim to one page: login, copy, one job, check"
quick-start-guide/submitting-a-job.md,docs/getting-started/quick-start.md,merge
hydra-training.md,docs/getting-started/training.md,
# ---- Running jobs
reference-pages/introduction.md,docs/hydra/jobs/concepts.md,"Cut the Access section to getting-started/login.md and the Support paragraph to policies/help.md by hand"
reference-pages/submitting-jobs/available-queues.md,docs/hydra/jobs/queues.md,"Hardware limits table at the end goes to hardware/limits.md by hand"
reference-pages/submitting-jobs/help-choosing-a-queue.md,docs/hydra/jobs/queues.md,merge
reference-pages/submitting-jobs.md,docs/hydra/jobs/job-scripts.md,
reference-pages/submitting-jobs/help-writing-a-job-script.md,docs/hydra/jobs/job-scripts.md,merge
quick-start-guide/the-qsub-generator.md,docs/hydra/jobs/qsubgen.md,
reference-pages/submitting-jobs/conceptual-examples.md,docs/hydra/jobs/job-types.md,
reference-pages/submitting-jobs/serial-jobs.md,docs/hydra/jobs/job-types.md,merge
reference-pages/submitting-jobs/job-arrays.md,docs/hydra/jobs/job-types.md,merge
reference-pages/submitting-jobs/parallel-jobs.md,docs/hydra/jobs/parallel.md,"NEW page; add to nav"
reference-pages/submitting-jobs/parallel-jobs/mpi-jobs.md,docs/hydra/jobs/parallel.md,merge
reference-pages/submitting-jobs/parallel-jobs/multi-threaded-jobs.md,docs/hydra/jobs/parallel.md,merge
reference-pages/submitting-jobs/parallel-jobs/hybrid-jobs.md,docs/hydra/jobs/parallel.md,merge
reference-pages/submitting-jobs/resource-limits.md,docs/hydra/jobs/limits.md,
reference-pages/submitting-jobs/job-monitoring.md,docs/hydra/jobs/monitoring.md,
reference-pages/cluster-monitoring.md,docs/hydra/jobs/monitoring.md,"merge; cluster load, qstat -g c, qhost+"
reference-pages/additional-tools/a-better-qstat-qstat.md,docs/hydra/jobs/monitoring.md,merge
reference-pages/additional-tools/a-better-qacct-qacct.md,docs/hydra/jobs/monitoring.md,merge
reference-pages/additional-tools/checking-a-compute-node-with-rtop.md,docs/hydra/jobs/monitoring.md,merge
reference-pages/additional-tools/checking-memory-and-cpu-usage.md,docs/hydra/jobs/monitoring.md,merge
reference-pages/additional-tools/more-tools.md,docs/hydra/jobs/monitoring.md,"merge; read before applying, may belong elsewhere"
explanation-of-warning-emails-sent-to-users.md,docs/hydra/jobs/efficiency.md,
reference-pages/submitting-jobs/where-to-find-examples.md,docs/hydra/jobs/examples.md,
reference-pages/hardware-description.md,docs/hydra/hardware/nodes.md,
reference-pages/hardware-description/login-and-head-nodes.md,docs/hydra/hardware/nodes.md,merge
reference-pages/hardware-description/compute-nodes.md,docs/hydra/hardware/nodes.md,merge
reference-pages/hardware-description/network-ethernet-and-infiniband.md,docs/hydra/hardware/nodes.md,merge
# ---- Interactive use
reference-pages/interactive-use.md,docs/hydra/interactive/qrsh.md,
reference-pages/interactive-use/using-a-jupyter-notebook-on-hydra.md,docs/hydra/interactive/jupyter.md,
reference-pages/interactive-use/using-vscode-on-hydra.md,docs/hydra/interactive/vscode.md,
reference-pages/interactive-use/using-rstudio-on-hydra.md,docs/hydra/interactive/rstudio.md,
reference-pages/software/packages-and-tools/r-and-rstudio/rstudio-on-hydra-s-nodes.md,docs/hydra/interactive/rstudio.md,merge
reference-pages/software/packages-and-tools/r-and-rstudio/using-the-rstudio-server.md,docs/hydra/interactive/rstudio.md,merge
dedicated-rstudio-server.md,docs/hydra/interactive/rstudio.md,"merge; one-line redirect, delete after"
# ---- Storage
reference-pages/disks-space-and-usage/disks-space-configuration.md,docs/hydra/storage/filesystems.md,
reference-pages/hardware-description/storage-systems-disks.md,docs/hydra/storage/filesystems.md,merge
reference-pages/disks-space-and-usage/how-to-check-disk-quota-usage.md,docs/hydra/storage/quotas.md,
reference-pages/disks-space-and-usage/how-to-check-disk-quota-usage/disk-usage.md,docs/hydra/storage/quotas.md,merge
reference-pages/disks-space-and-usage/how-to-check-disk-quota-usage/quota-usage.md,docs/hydra/storage/quotas.md,merge
reference-pages/additional-tools/a-better-quota-quota.md,docs/hydra/storage/quotas.md,merge
reference-pages/disks-space-and-usage/how-to-recover-old-or-deleted-files-using-snapshots.md,docs/hydra/storage/snapshots.md,
reference-pages/disks-space-and-usage/scrubber-and-how-to-request-scrubbed-files-to-be-restored.md,docs/hydra/storage/scrubber.md,
reference-pages/disks-space-and-usage/how-to-use-local-ssd-space.md,docs/hydra/storage/special.md,
reference-pages/disks-space-and-usage/how-to-use-nas-storage-and-the-i-o-queue.md,docs/hydra/storage/special.md,merge
reference-pages/disks-space-and-usage/how-to-use-bigtmp-access-to-large-temporary-disk-space.md,docs/hydra/storage/special.md,merge
# ---- Software
reference-pages/software/the-module-command.md,docs/hydra/software/modules.md,
reference-pages/software/the-module-command/how-to-write-your-own-module-file.md,docs/hydra/software/custom-modules.md,"2018; verify against module 5.x"
reference-pages/software/compilers-libraries-and-mpi-or-multi-threaded-programs.md,docs/hydra/software/compilers.md,
reference-pages/software/compilers-libraries-and-mpi-or-multi-threaded-programs/building-running-mpi.md,docs/hydra/software/compilers.md,merge
reference-pages/software/compilers-libraries-and-mpi-or-multi-threaded-programs/building-running-multi-threaded-programs.md,docs/hydra/software/compilers.md,merge
reference-pages/software/packages-and-tools/python.md,docs/hydra/software/python.md,
reference-pages/software/packages-and-tools/conda-anaconda-miniconda.md,docs/hydra/software/python.md,merge
reference-pages/software/packages-and-tools/conda-anaconda-miniconda/installing-miniconda-on-hydra.md,docs/hydra/software/python.md,merge
reference-pages/software/packages-and-tools/conda-anaconda-miniconda/using-conda.md,docs/hydra/software/python.md,merge
reference-pages/software/packages-and-tools/r-and-rstudio.md,docs/hydra/software/r.md,
reference-pages/software/packages-and-tools/r-and-rstudio/r-on-the-command-line.md,docs/hydra/software/r.md,merge
reference-pages/software/packages-and-tools/idl-gdl-fl.md,docs/hydra/software/other-languages.md,
reference-pages/software/packages-and-tools/java.md,docs/hydra/software/other-languages.md,merge
reference-pages/software/packages-and-tools/julia.md,docs/hydra/software/other-languages.md,merge
reference-pages/software/packages-and-tools/matlab.md,docs/hydra/software/other-languages.md,merge
reference-pages/software/bioinformatics-software-and-modules.md,docs/hydra/software/bio-modules.md,"Replace module list with scripts/gen_module_list.sh output"
reference-pages/software/genomics-software.md,docs/hydra/software/bio-guides/index.md,
reference-pages/software/genomics-software/allpaths-lg.md,docs/hydra/software/bio-guides/allpaths-lg.md,"NEW; add to nav"
reference-pages/software/genomics-software/beast.md,docs/hydra/software/bio-guides/beast.md,"NEW; add to nav"
reference-pages/software/genomics-software/blast.md,docs/hydra/software/bio-guides/blast.md,"NEW; add to nav"
reference-pages/software/genomics-software/blast2go.md,docs/hydra/software/bio-guides/blast2go.md,"NEW; add to nav"
reference-pages/software/genomics-software/busco.md,docs/hydra/software/bio-guides/busco.md,"NEW; add to nav"
reference-pages/software/genomics-software/genemark-es.md,docs/hydra/software/bio-guides/genemark-es.md,"NEW; add to nav"
reference-pages/software/genomics-software/masurca.md,docs/hydra/software/bio-guides/masurca.md,"NEW; add to nav"
reference-pages/software/genomics-software/smc.md,docs/hydra/software/bio-guides/smc.md,"NEW; add to nav"
reference-pages/software/genomics-software/spades.md,docs/hydra/software/bio-guides/spades.md,"NEW; add to nav"
reference-pages/software/genomics-software/local-bioinformatics-databases.md,docs/hydra/software/bio-guides/databases.md,
reference-pages/how-to-use-gpus.md,docs/hydra/software/gpus.md,
reference-pages/how-to-use-containers.md,docs/hydra/software/containers.md,
# ---- Data transfer
quick-start-guide/transferring-files-to-from-hydra.md,docs/data-transfer/scp-rsync.md,
reference-pages/disks-space-and-usage/how-to-copy-files-to-from-hydra.md,docs/data-transfer/scp-rsync.md,merge
globus.md,docs/data-transfer/globus.md,
reference-pages/disks-space-and-usage/how-to-copy-files-to-from-hydra/using-rclone.md,docs/data-transfer/rclone.md,
reference-pages/disks-space-and-usage/how-to-copy-files-to-from-hydra/using-dropbox.md,docs/data-transfer/rclone.md,merge
# ---- Policies and support
hydra-policies.md,docs/policies/usage.md,
overview/citing-acknowledging-hydra-and-its-doi.md,docs/policies/citing.md,
faqs.md,docs/policies/faq.md,
# ---- News
what-s-new.md,docs/news/history.md,"NEW page 'Older notices'; add to nav; fold newest entries into news/index.md by hand"
what-s-new/what-was-new-in-2024.md,docs/news/history.md,merge
what-s-new/what-was-new-in-2023.md,docs/news/history.md,merge
what-s-new/what-was-new-in-2020-to-2022.md,docs/news/history.md,merge
cluster-upgrades.md,docs/news/upgrades/index.md,
2025-data-center-move.md,docs/news/upgrades/2025-data-center-move.md,
cluster-upgrades/2024-cluster-upgrade-to-hydra-7.md,docs/news/upgrades/2024-hydra-7.md,
cluster-upgrades/2024-cluster-upgrade-to-hydra-7/2024-upgrade-details.md,docs/news/upgrades/2024-hydra-7.md,merge
cluster-upgrades/2024-cluster-upgrade-to-hydra-7/2024-upgrade-details/bio-packages.md,docs/news/upgrades/2024-hydra-7.md,merge
cluster-upgrades/2021-cluster-upgrade-to-hydra-6.md,docs/news/upgrades/2021-hydra-6.md,
cluster-upgrades/nov-2021-updates-compilers-tools-and-more.md,docs/news/upgrades/2021-hydra-6.md,merge
cluster-upgrades/2019-cluster-upgrade-to-hydra-5.md,docs/news/upgrades/2019-hydra-5.md,
# ---- Drop: Quarto section indexes with no content of their own, and dead services
index.md,DROP,"Quarto landing page; replaced by docs/index.md"
reference-pages.md,DROP,
reference-pages/additional-tools.md,DROP,
reference-pages/disks-space-and-usage.md,DROP,
reference-pages/software.md,DROP,
reference-pages/software/packages-and-tools.md,DROP,
reference-pages/disks-space-and-usage/how-to-copy-files-to-from-hydra/using-firefox-send.md,DROP,"Mozilla shut Firefox Send in 2020"